{
    "rmse": 0.7678188844008563,
    "mae": 0.6307907428061497,
    "r2": 0.09383250501997253
}