{
    "rmse": 0.7969493099359533,
    "mae": 0.6617512037768505,
    "r2": 0.023769664650116873
}